employee_id,phone,email,firstname,lastname,store
1,3603742338,jfarreil0@irs.gov,Jereme,Farreil,4
2,6862185738,mjermey1@themeforest.net,Mark,Jermey,12
3,7896890696,alocket2@google.it,Adamo,Locket,16
4,6723394461,mbenjafield3@mashable.com,Marje,Benjafield,9
5,8851635761,bdilworth4@a8.net,Bessy,Dilworth,1
6,3173906125,rsongest5@nature.com,Rowney,Songest,1
7,4772984339,jalexandrescu6@zdnet.com,Janith,Alexandrescu,20
8,9571265388,cmathewes7@prlog.org,Camey,Mathewes,10
9,8634186976,mnorthedge8@samsung.com,Micky,Northedge,6
10,9085555947,rsoane9@constantcontact.com,Rabbi,Soane,9
11,4655548129,tcellea@wordpress.com,Trescha,Celle,11
12,6131118426,clepageb@digg.com,Conant,Le Page,18
13,9437313094,tleclairec@wisc.edu,Torry,Le Claire,10
14,2197223129,rturevilled@seesaa.net,Rodge,Tureville,19
15,1069321104,kmaddigane@engadget.com,Konrad,Maddigan,14
16,2288490270,mcunliffef@angelfire.com,Mead,Cunliffe,18
17,1877653049,ccayetg@livejournal.com,Chicky,Cayet,7
18,8526778858,jfarrierh@nyu.edu,Jeana,Farrier,6
19,4146344545,agrassini@china.com.cn,Anatol,Grassin,1
20,6034534857,kcattanachj@dell.com,Kimberlyn,Cattanach,8
21,4854871153,blowyk@edublogs.org,Betsey,Lowy,19
22,5226061923,hpollenl@live.com,Hieronymus,Pollen,11
23,8311839687,mfortyem@weather.com,Marius,Fortye,2
24,2768314396,adearnleyn@umn.edu,Aida,Dearnley,6
25,5614759598,sbenningo@ebay.com,Salli,Benning,9
26,1938213443,ctesdalep@clickbank.net,Carol-jean,Tesdale,1
27,2396649214,cspawellq@dyndns.org,Creight,Spawell,13
28,1429125224,dpager@chicagotribune.com,Denys,Page,3
29,9499264663,sogborns@exblog.jp,Sean,Ogborn,4
30,8223641887,gbaldryt@mail.ru,Glynn,Baldry,14
31,4654563234,emalbonu@newsvine.com,Eilis,Malbon,8
32,9831210263,bsurguinev@privacy.gov.au,Brynn,Surguine,18
33,5746995586,mcorderow@vinaora.com,Maximo,Cordero,10
34,7354415495,mbartolix@miibeian.gov.cn,Martguerita,Bartoli,19
35,1632039080,tspringthorpy@ustream.tv,Tina,Springthorp,7
36,3665588679,ndallimorez@paypal.com,Nikolia,Dallimore,7
37,6092463076,aulrik10@list-manage.com,Alvira,Ulrik,2
38,7131794856,vwork11@buzzfeed.com,Vinny,Work,3
39,5851947678,gsherratt12@youtube.com,Garrott,Sherratt,20
40,1853693490,dadamovsky13@alibaba.com,Desi,Adamovsky,16
41,5699899368,jespasa14@npr.org,Janice,Espasa,9
42,4993977475,lmclean15@nasa.gov,Lynn,McLean,4
43,6567956188,ctowll16@who.int,Clevey,Towll,13
44,8782019990,bcona17@dailymotion.com,Barnabas,Cona,11
45,8248615902,bking18@buzzfeed.com,Bronnie,King,10
46,1083371395,dwhelpton19@amazon.de,Dun,Whelpton,20
47,2796505113,cault1a@xing.com,Clywd,Ault,5
48,2093744445,geassom1b@indiegogo.com,Gunter,Eassom,2
49,6226860177,agabbidon1c@ftc.gov,Arabela,Gabbidon,17
50,1189765477,gfarrance1d@nbcnews.com,Georgianne,Farrance,1
51,8803519090,fbuie1e@fotki.com,Frazier,Buie,6
52,5722368926,csate1f@sohu.com,Caron,Sate,9
53,1475261263,epatkin1g@woothemes.com,Ethyl,Patkin,15
54,4811209757,sanster1h@scientificamerican.com,Stepha,Anster,3
55,1521049428,marr1i@npr.org,Malynda,Arr,17
56,4529004279,jbustard1j@bing.com,Jolene,Bustard,6
57,3455875644,adover1k@wikispaces.com,Ardenia,Dover,8
58,9657165133,vtalboy1l@theguardian.com,Viole,Talboy,20
59,9675656348,ncrufts1m@home.pl,Nappie,Crufts,5
60,3834597541,akupisz1n@wired.com,Adorne,Kupisz,2
61,3457339846,wainger1o@netscape.com,Wayne,Ainger,19
62,5765608333,mcharopen1p@yahoo.com,Marshal,Charopen,4
63,1321568089,ghacksby1q@gmpg.org,Georgianne,Hacksby,6
64,4727000029,slangcaster1r@1und1.de,Sauveur,Langcaster,20
65,4244827766,aragsdale1s@upenn.edu,Annabella,Ragsdale,14
66,8617519014,sbrickhill1t@archive.org,Steffi,Brickhill,16
67,5123576739,bflower1u@rambler.ru,Blanche,Flower,19
68,3143872588,csimond1v@dyndns.org,Clementius,Simond,5
69,6849998616,igarstang1w@mozilla.org,Ingemar,Garstang,7
70,3188158730,ktremmil1x@springer.com,Katina,Tremmil,6
71,2808380715,sbolingbroke1y@nps.gov,Sterne,Bolingbroke,13
72,5521206393,dbarrell1z@biglobe.ne.jp,Dur,Barrell,3
73,9198782558,amoland20@feedburner.com,Adel,Moland,18
74,1285384993,kkernock21@umich.edu,Kris,Kernock,12
75,6652742648,twyeld22@vkontakte.ru,Tresa,Wyeld,9
76,2351733730,tpetlyura23@blogs.com,Thornie,Petlyura,18
77,2517562112,tlyle24@geocities.jp,Ty,Lyle,7
78,3655403109,lnoraway25@hatena.ne.jp,Lolita,Noraway,11
79,6574308091,dleyburn26@reddit.com,Delaney,Leyburn,12
80,9517420148,dinchan27@tmall.com,Davidde,Inchan,4
81,5789490548,sdornin28@wordpress.com,Scarlett,Dornin,4
82,3278985698,cbabber29@jalbum.net,Claudian,Babber,10
83,3939556261,clevy2a@google.co.jp,Christean,Levy,6
84,7349497302,jloweth2b@gizmodo.com,Jorge,Loweth,1
85,5679120715,lprinn2c@4shared.com,Latrena,Prinn,9
86,6192369902,esyrett2d@patch.com,Evonne,Syrett,15
87,5803995171,nmanach2e@elpais.com,Nicole,Manach,3
88,7314208329,ejeannin2f@microsoft.com,Ethelin,Jeannin,9
89,7625186024,dkelson2g@bigcartel.com,Dee dee,Kelson,11
90,7342346324,dwinspurr2h@comsenz.com,Devina,Winspurr,19
91,6678423344,gdemeis2i@purevolume.com,Garrek,De Meis,15
92,9839972169,pfawltey2j@smh.com.au,Petronia,Fawltey,3
93,4693656734,wnorman2k@blogger.com,William,Norman,19
94,6618593555,hhanes2l@nih.gov,Herc,Hanes,5
95,4187321958,bgiraths2m@rediff.com,Berrie,Giraths,20
96,1664920205,lguyver2n@oakley.com,Leanna,Guyver,3
97,8424641936,ostorey2o@skype.com,Olia,Storey,7
98,1739833904,vbolf2p@ed.gov,Verine,Bolf,10
99,3936101835,bkures2q@cisco.com,Butch,Kures,13
100,9077539733,epuxley2r@freewebs.com,Ellene,Puxley,8
